timestamp,avg_price,avg_market_cap,avg_volume,avg_24h_price_change_pct,anomaly,anomaly_label
2025-06-03 21:33:49.723,106723.28639087187,2120977924896.9663,26170145731.546818,-1.1966067037787464,1,Normal
2025-06-03 22:34:48.414,106181.7181167179,2110480983053.605,26784325786.08647,-1.1966067037787464,1,Normal
2025-06-03 23:33:33.083,105959.60861064511,2105832254961.2288,24242811377.85449,-1.1966067037787464,1,Normal
2025-06-04 00:38:25.921,106061.04647803256,2107790330356.5303,26908170275.989506,-1.1966067037787464,1,Normal
2025-06-04 01:33:30.957,106277.44088744238,2112302767117.2627,27145566384.598278,-1.1966067037787464,1,Normal
2025-06-04 02:34:00.180,105835.64102101928,2103383827184.6272,27290656082.363388,-1.1966067037787464,1,Normal
2025-06-04 03:33:53.659,105547.55081894307,2097643053433.8535,27217071370.405235,-1.1966067037787464,1,Normal
2025-06-04 04:31:43.583,105861.43112119468,2104530574433.3708,26282823034.553883,-1.1966067037787464,1,Normal
2025-06-04 05:34:10.820,105430.86066799659,2095337142150.1892,25728727074.632504,-1.1966067037787464,1,Normal
2025-06-04 06:33:40.843,105410.06700957082,2094769856317.524,25628997991.222458,-1.1966067037787464,1,Normal
2025-06-04 07:31:08.535,105613.321033883,2098820081955.042,25262422286.52763,-1.1966067037787464,1,Normal
2025-06-04 08:34:21.251,105577.08330468582,2098229849539.337,24838556482.794006,-1.1966067037787464,1,Normal
2025-06-04 09:32:49.956,105640.83579860737,2099826212653.526,22520532645.51715,-1.1966067037787464,1,Normal
2025-06-04 10:33:23.940,105481.7041495444,2096408438668.6348,24049154053.375576,-1.1966067037787464,1,Normal
2025-06-04 11:33:26.314,105447.5957079321,2095678182439.6536,24758321021.22059,-1.1966067037787464,1,Normal
2025-06-04 12:33:48.003,105392.25055909126,2094638844345.3013,24950408208.82043,-1.1966067037787464,1,Normal
2025-06-04 13:31:33.799,105407.10634156673,2094945424711.455,24727368073.75544,-1.1966067037787464,1,Normal
2025-06-04 14:33:49.310,105513.53836423514,2097128086150.7874,24629670035.60082,-1.1966067037787464,1,Normal
2025-06-04 15:33:13.851,105760.43175456114,2101344211556.3022,25431359764.781746,-1.1966067037787464,1,Normal
2025-06-04 16:33:22.376,105743.91929315783,2101528686452.6602,25711357584.815033,-1.1966067037787464,1,Normal
2025-06-04 17:33:23.673,105281.38636030082,2092528800887.3704,25057114312.524685,-1.1966067037787464,1,Normal
2025-06-04 18:33:38.185,105024.79619693328,2087251067261.5166,28445006263.638466,-1.1966067037787464,1,Normal
2025-06-04 19:33:45.148,104956.67962695676,2087507792562.914,28455188892.538795,-1.1966067037787464,1,Normal
2025-06-04 20:33:34.033,104892.18949513155,2084566134693.7341,28405617117.71668,-1.1966067037787464,1,Normal
2025-06-04 21:34:05.398,105446.22839142571,2096260134494.174,25398631488.773777,-1.1966067037787464,1,Normal
2025-06-04 22:33:44.745,105465.20103829549,2095668991115.6423,27326872770.12449,-0.6748026789647366,1,Normal
2025-06-04 23:31:03.580,105130.27736663017,2089440518743.8416,26950250803.258404,-0.782686209291672,1,Normal
2025-06-05 00:33:44.837,105081.49665184232,2088621693598.601,26796255267.125767,-0.9235717152697775,1,Normal
2025-06-05 01:33:22.803,105046.66272948279,2087970668667.5051,26262059083.34572,-1.1580803486443525,1,Normal
2025-06-05 02:33:50.437,104713.93690550917,2081507059062.1726,26325980718.08258,-1.0598547943668102,1,Normal
2025-06-05 03:31:22.828,104988.53940657886,2086644837015.872,26245600461.241364,-0.5296299232211865,1,Normal
2025-06-05 04:33:28.975,104893.31963210164,2084690742763.0437,26017731234.623657,-0.914508219697785,1,Normal
2025-06-05 05:34:06.101,104803.00653561577,2083007176175.2754,25734349492.796528,-0.5955126690637025,1,Normal
2025-06-05 06:33:54.713,104969.96988276378,2085922866371.0508,25555939504.54898,-0.4175095788214289,1,Normal
2025-06-05 07:33:50.076,104845.46369945056,2083904942303.0168,25256772974.135075,-0.7270459132575624,1,Normal
2025-06-05 08:33:51.552,105155.14023932912,2090350616997.214,25360869944.873695,-0.39965402732239363,1,Normal
2025-06-05 09:44:28.998,105041.31459778977,2086760024094.7485,25283287004.481503,-0.5675089526558819,1,Normal
2025-06-05 10:33:08.494,105205.79476428934,2091285029468.6357,24759936487.7468,-0.26157084537039577,1,Normal
2025-06-05 11:33:36.090,104712.53512436998,2081955850338.8914,24599582098.226505,-0.6970861484581148,1,Normal
2025-06-05 12:33:59.675,104523.62839526946,2077405768172.2488,24557882885.186676,-0.8241802971412748,1,Normal
2025-06-05 13:32:21.449,104539.26508580917,2077690676936.2698,24829730511.23654,-0.8233232899358511,1,Normal
2025-06-05 14:33:56.489,104655.89818941445,2079969596895.338,24831623677.015396,-0.8128247693296897,1,Normal
2025-06-05 15:33:25.215,104891.01615811103,2084450188188.0708,24255923944.703968,-0.8220613153960721,1,Normal
2025-06-05 16:31:41.727,104674.14217198468,2080132771431.02,24182109849.450726,-1.0116677425274556,1,Normal
2025-06-05 17:33:38.788,104850.2493595431,2083828655173.6724,21989779875.640934,-0.40950923583230603,1,Normal
2025-06-05 18:30:24.081,105677.91848447545,2100322460861.1272,21955577767.868656,0.6218743679516248,1,Normal
2025-06-05 19:33:46.702,104889.52753735597,2084788313874.537,23561150767.60385,-0.06398076791249707,1,Normal
2025-06-05 20:33:48.201,104536.3237933925,2077515205174.4116,21767963279.645916,-0.33926806509798624,1,Normal
2025-06-05 21:33:50.401,104683.41826234531,2081283979429.8801,23683509367.610134,-0.723411487273673,1,Normal
2025-06-05 22:33:33.764,103670.3463119395,2062811592323.9614,24905370588.706047,-1.7018454510926873,1,Normal
2025-06-05 23:33:54.048,103369.38946279231,2054442667347.3928,26124036321.828125,-1.674957916925257,1,Normal
2025-06-06 00:33:40.726,103019.09520471051,2047975867204.6936,27868479197.284184,-1.9626685123880439,1,Normal
2025-06-06 01:33:55.014,102237.4351484742,2033388561618.4763,30907179007.910103,-2.674266376498746,-1,Anomaly
2025-06-06 02:33:44.592,100983.60135527559,2006941236958.819,34312269058.701477,-3.562405980017469,-1,Anomaly
2025-06-06 03:33:38.457,101404.92497261042,2015731095466.3247,37413073904.94432,-3.413338688416767,-1,Anomaly
2025-06-06 04:33:53.869,101578.2036315807,2018919530735.6782,38747330608.35644,-3.160464376709815,-1,Anomaly
2025-06-06 05:33:37.010,101597.8403831928,2019404422336.5076,39656044986.75208,-3.0582769124411935,-1,Anomaly
2025-06-06 06:33:25.340,101803.78708476748,2022591096460.2874,40561246507.72127,-3.016274846541789,1,Normal
2025-06-06 07:33:34.848,101888.07537069664,2025017432464.9941,41076092609.502266,-2.8207117641556256,-1,Anomaly
2025-06-06 08:33:28.607,101939.83225404494,2024322983692.37,41503293790.335266,-3.0576802788396806,-1,Anomaly
2025-06-06 09:33:51.751,102506.29434569468,2037260663497.5837,38797158779.565956,-2.4133554133455415,1,Normal
2025-06-06 10:33:25.457,102768.22736413717,2042272122218.15,39528251795.02669,-2.3169516523433686,1,Normal
2025-06-06 11:33:39.480,102910.60619731266,2044735619317.5762,42987380606.8265,-1.7208340194582394,1,Normal
2025-06-06 12:33:36.032,103190.05782068217,2050367711430.8228,43224015256.293976,-1.2758556080202599,1,Normal
2025-06-06 13:33:31.306,103193.03599234115,2051916949581.1785,43677498123.13462,-1.2877736344932167,1,Normal
2025-06-06 14:33:38.226,103565.41714829578,2058432884397.263,44218587293.201416,-1.0419680686749588,1,Normal
2025-06-06 15:33:22.422,103676.230888142,2060388429411.108,44530124545.492584,-1.1581404341987511,1,Normal
2025-06-06 16:33:44.571,103695.69127704465,2060964437872.75,44806938127.18324,-0.9347589334263606,1,Normal
2025-06-06 17:33:48.450,104004.36320058013,2067094518938.7695,45622989585.658226,-0.8067564589782972,1,Normal
2025-06-06 18:33:48.094,103912.68290846425,2065397477102.8625,45991318394.20554,-1.6703920755881674,1,Normal
2025-06-06 19:33:45.780,104271.9983989326,2072419943449.0051,45971385168.50351,-0.5887424158750654,1,Normal
2025-06-06 20:33:44.749,104761.48797964276,2082059507537.1167,44451634013.759605,0.21539325095769613,1,Normal
2025-06-06 21:34:03.296,105066.03741127625,2087796772663.5198,45244325490.28844,0.3655011990266299,1,Normal
2025-06-06 22:34:04.108,104983.6936615671,2087271989299.93,44729539451.22555,1.2668495826914539,1,Normal
2025-06-06 23:33:47.740,104796.37355480397,2080570617438.6414,44318083303.409615,1.3804706590874183,1,Normal
2025-06-07 00:33:45.234,104600.5831454065,2078895979567.3145,42441073586.11252,1.5351405849113764,1,Normal
2025-06-07 01:33:44.887,104262.10724250386,2072252860230.4502,39781462758.07382,1.98036276153577,1,Normal
2025-06-07 02:33:39.095,104540.18371612598,2076929654486.5676,35805220130.303604,3.5219405062984377,1,Normal
2025-06-07 03:33:49.155,104468.274174957,2076371905064.5051,32256129343.831398,3.02090771545267,1,Normal
2025-06-07 04:33:43.320,104461.5344281458,2075861677248.137,31039062202.54331,2.8385329662087733,1,Normal
2025-06-07 05:33:41.869,104409.74967959142,2075175500201.4253,29897390978.090103,2.7676860903667277,1,Normal
2025-06-07 06:33:46.886,104454.20877186986,2074693660786.9966,29170505991.085182,2.603460797480439,1,Normal
2025-06-07 07:33:36.195,104516.94514771094,2077375703870.0662,28864539750.01987,2.580154515088995,1,Normal
2025-06-07 08:33:42.528,104559.5329323005,2078122884010.959,28305319089.10295,2.569849900995491,1,Normal
2025-06-07 09:34:17.815,104913.22935555375,2084929179299.8503,27887186403.140034,2.348085086113705,1,Normal
2025-06-07 10:33:46.877,104848.80691810556,2083905686091.699,27286891317.324825,2.0245357999572278,1,Normal
2025-06-07 11:33:52.186,104941.69820410537,2085788254547.2903,26927806197.76636,1.9736469173045723,1,Normal
2025-06-07 12:33:33.180,105183.67690862494,2089755898889.7737,26791730970.63208,1.9319875674526532,1,Normal
2025-06-07 13:30:52.900,104932.64783178168,2085739915674.6436,26134450128.096718,1.6857841449394284,1,Normal
2025-06-07 14:33:03.930,104837.49534565218,2083801044798.1245,25676346285.645054,1.2282847232053307,1,Normal
2025-06-07 15:33:35.745,104859.27707262765,2084107319145.2234,25063224100.931274,1.1410968303448898,1,Normal
2025-06-07 16:30:49.469,105124.89532446669,2089297254634.2454,24824358666.68895,1.3782675343796402,1,Normal
2025-06-07 17:33:42.186,105184.32808058451,2090582369848.3848,24760977037.668625,1.1345340173168683,1,Normal
2025-06-07 18:33:45.788,105502.1799729382,2096882027685.033,24014176760.136578,1.5296468342311353,1,Normal
2025-06-07 19:33:55.058,105692.9246815126,2100663472496.2122,23562003947.552334,1.3627112785771,1,Normal
2025-06-07 20:33:40.503,105482.63374208666,2096543359960.4087,22425620235.030678,0.6883691481969434,1,Normal
2025-06-07 21:31:29.745,105585.27235064043,2098193826088.04,21003159478.186375,0.4941986508272489,1,Normal
2025-06-07 22:34:00.461,105427.00046183626,2095503079336.6206,19778819650.39222,0.4222625293583526,1,Normal
2025-06-07 23:32:29.197,105483.81159514144,2096702512516.467,18738799449.52234,0.6559750275881182,1,Normal
2025-06-08 00:33:40.612,105642.70799832219,2099839436502.979,18384086332.45698,0.9962897161548412,1,Normal
2025-06-08 01:33:40.283,105740.04411994808,2101630207117.1865,18199117450.470894,1.4175206280903963,1,Normal
2025-06-08 02:33:50.127,105879.205828614,2104431594885.312,17808973717.815464,1.2808683368340734,1,Normal
2025-06-08 03:33:39.364,105827.43190370961,2103405378412.1604,17606461904.775772,1.3010243918420539,1,Normal
2025-06-08 04:33:38.173,105877.88107706241,2104416907623.093,17335224232.326653,1.3558547236263818,1,Normal
2025-06-08 05:33:39.517,105665.12362716689,2100318113268.9023,17739278422.79372,1.2023531819853162,1,Normal
2025-06-08 06:33:43.016,105524.79036817417,2098007809748.1438,17635812363.435085,1.024929113811468,1,Normal
2025-06-08 07:33:43.867,105716.47312201474,2100942732125.7424,17508721076.430485,1.1476875568918965,1,Normal
2025-06-08 08:33:40.400,105549.37156829852,2097898495749.624,17571844256.708344,0.9466746916696023,1,Normal
2025-06-08 09:33:50.486,105513.4515498109,2097088395012.9146,17116760103.074677,0.5721129717806805,1,Normal
2025-06-08 10:33:43.236,105628.00479256481,2099376299157.7302,16622958645.972773,0.7431633199868948,1,Normal
2025-06-08 11:33:56.221,105487.25415054621,2096716589224.9883,16461359041.774734,0.5198657500088855,1,Normal
2025-06-08 12:33:37.011,105517.46458261348,2097414772825.1921,15916573127.587008,0.3173379024185463,1,Normal
2025-06-08 13:33:34.969,105471.46917806876,2096329833427.3406,15403423099.068846,0.5134925663468071,1,Normal
2025-06-08 14:33:51.057,105463.71806186541,2096366176556.3054,15510810602.54963,0.5973270480647885,1,Normal
2025-06-08 15:33:45.852,105223.76329644934,2092342530307.776,14187750990.805004,0.347595590964489,1,Normal
2025-06-08 16:33:47.808,105383.64977012655,2094581837883.2563,15817354414.829136,0.2461400269281766,1,Normal
2025-06-08 17:33:50.342,105678.52424613554,2100333286734.9597,15782448401.035421,0.4698382112327648,1,Normal
2025-06-08 18:33:43.862,105677.06043060997,2100247805924.8962,15308791803.071701,0.16576004184616355,1,Normal
2025-06-08 19:33:48.081,105771.0190427633,2103635546589.0955,15625641905.071407,0.07388797451299833,1,Normal
2025-06-08 20:32:16.530,105823.01546018168,2103262064609.597,15646660637.335978,0.32268981729000057,1,Normal
2025-06-08 21:33:35.023,106002.76463300346,2106956026553.159,15382894325.489988,0.39540768619374944,1,Normal
2025-06-08 22:34:07.208,106233.23779122584,2111650380922.5403,15828718857.19638,0.7647351493049737,1,Normal
2025-06-08 23:33:47.856,106254.27409684511,2112129438168.188,16310120842.378607,0.7304082873500928,1,Normal
2025-06-09 00:33:39.788,106334.88779042312,2113390696687.2327,15435861098.26819,0.6552083009003562,1,Normal
2025-06-09 01:33:57.567,106308.2629652628,2112930408982.9075,15364396029.265615,0.5373733764193922,1,Normal
2025-06-09 02:33:47.083,106218.26536679151,2112400581828.5637,15427858470.850029,0.32023241534919755,1,Normal
2025-06-09 03:33:57.300,106348.57213757417,2114212390949.4246,15470574606.989967,0.49244342840968347,1,Normal
2025-06-09 04:33:42.710,105859.29070841393,2104031926084.9358,15960162156.667406,-0.01755831195275892,1,Normal
2025-06-09 05:33:49.890,105724.23517396167,2100892307775.855,16049595903.612751,0.055942343855441834,1,Normal
2025-06-09 06:31:10.920,105759.6110454988,2102378355843.6233,17216095017.70495,0.22252655182288805,1,Normal
2025-06-09 07:33:21.741,105605.30281817443,2099741493167.8513,17288722051.707508,-0.10515892231099944,1,Normal
2025-06-09 08:33:30.513,105622.44013307923,2099129276161.799,17388288655.0211,0.06922690651305352,1,Normal
2025-06-09 09:33:22.368,105622.24990474587,2099097068563.5898,17900781069.424984,0.10311325554885897,1,Normal
2025-06-09 10:33:36.075,105555.58094361995,2098075567055.5938,18366161532.30474,-0.06856500706142743,1,Normal
2025-06-09 11:34:14.855,105443.99008599298,2095837516557.5957,18594377555.20707,-0.04101354699355131,1,Normal
2025-06-09 12:33:31.332,105677.0728423735,2100106993615.5623,19207811013.80496,0.1512624098687132,1,Normal
2025-06-09 13:33:06.496,105603.4581189129,2099017737429.8137,19253735984.348724,0.1251418434508489,1,Normal
2025-06-09 14:33:38.004,105833.35990804224,2102846925424.2986,19848440457.045433,0.3504919539817575,1,Normal
2025-06-09 15:33:40.244,106715.89628452867,2121146725793.9858,20963831971.098183,1.4180570446577834,1,Normal
2025-06-09 16:33:04.508,107193.15018373576,2130545267057.2854,23281713118.361603,1.717059921113262,1,Normal
2025-06-09 17:33:22.845,107701.99540917421,2139951030321.9644,24606396466.75598,1.9147420703243379,1,Normal
2025-06-09 18:32:51.282,107799.2144010282,2142340850219.2988,25259291070.20774,2.0081500770090965,1,Normal
2025-06-09 19:32:38.521,107115.21071634178,2130530124739.7192,25584665596.564606,1.2708506410768594,1,Normal
2025-06-09 20:32:15.041,107619.70037505605,2140258893355.453,26918581535.998325,1.697820561114538,1,Normal
2025-06-09 21:32:53.833,107772.82815617166,2142827613801.92,27731471193.057594,1.6698276967552772,1,Normal
2025-06-09 22:33:17.801,107865.90338063899,2144860715201.6658,28747874182.26453,1.5368688965516908,1,Normal
2025-06-09 23:32:55.616,108363.66508078856,2153797218242.9463,29530124949.752068,1.9852293019486877,1,Normal
2025-06-10 00:33:23.179,108452.74865376222,2155453995874.541,30202752858.91993,1.991689564306709,1,Normal
2025-06-10 01:30:45.630,108539.58035509764,2157734742161.2087,31172685643.636276,2.0989124717087693,1,Normal
2025-06-10 02:33:04.775,108741.30459011254,2161127870544.6135,31480094050.436897,2.3753346136923925,1,Normal
2025-06-10 03:33:14.616,109966.95873692061,2184243537216.9417,36232523235.71899,3.402383808844789,1,Normal
2025-06-10 04:33:00.441,110191.90634892028,2190107740709.22,36927774077.50809,4.092806225615475,-1,Anomaly
2025-06-10 05:33:34.511,110265.69002155038,2191854638754.1846,38052613263.50695,4.295566518042038,-1,Anomaly
2025-06-10 06:33:11.571,109988.51756663903,2186751470533.8882,38738821840.487465,3.998602566078757,1,Normal
2025-06-10 07:33:17.631,109756.33536035352,2183071177704.9753,39305095829.91211,3.93070464399512,1,Normal
2025-06-10 08:33:13.551,109688.30727503309,2179663096317.7434,39547607844.36575,3.8494349655537885,1,Normal
2025-06-10 09:33:23.754,109577.37237837986,2177951657678.9585,36345385045.78498,3.7445921453111097,1,Normal
2025-06-10 10:30:29.923,109554.47934166284,2177148401377.6343,39279212491.55211,3.788429150116479,1,Normal
2025-06-10 11:33:26.831,109333.96422639265,2173038983210.1606,39703940856.89784,3.689137842021406,1,Normal
2025-06-10 12:33:23.316,109555.19743873407,2178101026343.9473,39529705456.622925,3.669788055300449,1,Normal
2025-06-10 13:33:19.880,109250.08919789735,2170701426687.078,40655499264.51856,3.453136046812255,1,Normal
2025-06-10 14:33:29.493,109199.4702756923,2171885114558.0002,41098634244.485466,3.180575926697271,1,Normal
2025-06-10 15:33:30.963,109496.85383065308,2175841409061.4587,40408465363.73109,2.6059449837817494,1,Normal
2025-06-10 16:31:53.857,109331.86275166193,2173065356636.0615,38388673940.24658,1.9951951820244895,1,Normal
2025-06-10 17:33:42.900,109607.19126063051,2178902385133.4133,37931676854.7022,1.7689513032866477,1,Normal
2025-06-10 18:32:03.115,109648.77456611003,2179123100242.4553,38104152349.61837,1.7157454953254048,1,Normal
2025-06-10 19:33:40.648,109256.75674638181,2171116578592.635,38385958535.65567,1.9992921786908369,1,Normal
2025-06-10 20:33:39.824,108650.26645990167,2159398744975.8855,39295404690.93235,0.9575998458033919,1,Normal
2025-06-10 21:33:34.035,109000.40285392787,2166565200786.5579,36837234098.7873,1.1390391425725177,1,Normal
2025-06-10 22:33:41.388,108742.99581222242,2162058134767.1853,40131332591.90225,0.813132235576175,1,Normal
2025-06-10 23:33:09.602,108749.09876605542,2161627131147.2656,39665188555.251656,0.3556853535541693,1,Normal
2025-06-11 00:33:32.563,109382.93138843833,2172292504166.853,40024073085.454956,0.8576847947355803,1,Normal
2025-06-11 01:33:09.492,109547.81804653558,2179794893487.7146,40949656191.91341,0.9289124650559755,1,Normal
2025-06-11 02:32:52.403,109920.31957007396,2184157512555.8406,41786443477.535576,1.0842383990200988,1,Normal
2025-06-11 03:33:37.147,109843.05787209794,2182894621938.0623,34237842260.013016,-0.11267099340183107,1,Normal
2025-06-11 04:33:26.940,109750.10877346194,2181609225242.7043,36493269730.696236,-0.40093468757986805,1,Normal
2025-06-11 05:33:52.472,110212.73252109604,2189350055406.3333,36303839182.734825,-0.04802717911981391,1,Normal
2025-06-11 06:33:43.167,109966.85442401095,2185509881715.981,32254373976.433544,-0.01969582198882991,1,Normal
2025-06-11 07:30:20.505,109611.51672143128,2178773397535.0894,35460494898.84178,-0.1319455851425566,1,Normal
2025-06-11 08:33:32.039,109670.03038476563,2178921424985.9058,34760112121.36649,-0.016662569349013,1,Normal
2025-06-11 09:33:19.055,109713.57538959676,2180001805410.3901,34811413332.99702,0.1242984826708371,1,Normal
2025-06-11 10:33:08.287,109584.14274409521,2178232058864.9229,34236574242.392715,0.027076393964553525,1,Normal
2025-06-11 11:33:06.146,109522.64806269149,2177391001068.3984,33698126878.8517,0.17257568371722432,1,Normal
2025-06-11 12:31:06.075,109541.97543154255,2177318874782.5183,33845018473.329556,-0.012068808692455857,1,Normal
2025-06-11 13:32:48.491,109469.76764155658,2176067309098.8984,33015882181.205215,0.20107850279307282,1,Normal
2025-06-11 14:33:35.020,109581.24095094454,2178262408299.811,32758126425.01129,0.34960854140444475,1,Normal
2025-06-11 15:33:32.785,109250.24402205255,2171657207439.2444,32416182132.527836,-0.22522090815682017,1,Normal
2025-06-11 16:33:25.162,109374.84159823501,2174120641445.5562,32223089943.344112,0.0393104493890295,1,Normal
2025-06-11 17:33:27.763,109246.38304497446,2171253986406.7659,31480565013.669205,-0.32918297741806324,1,Normal
2025-06-11 18:31:24.764,109675.11864606349,2179874597799.606,32598346299.56161,0.024025877222699776,1,Normal
2025-06-11 19:30:18.603,109681.29836819923,2179510669234.995,32534792422.04289,0.3885724182742356,1,Normal
2025-06-11 20:33:44.910,109884.40458211217,2184627740592.0798,28522877095.04543,1.1358813580691685,1,Normal
2025-06-11 21:33:25.439,109841.86856219718,2183731371732.136,30674473613.287342,0.7719840351388063,1,Normal
2025-06-11 22:33:32.188,109513.74621547452,2177066162217.0532,30863701631.496586,0.7087816530114921,1,Normal
2025-06-11 23:33:37.574,109121.79801448871,2168946087287.161,30983550776.933315,0.34271479273133565,1,Normal
2025-06-12 00:33:50.896,108807.726203893,2162868332127.8894,32208633130.065926,-0.5258637497130736,1,Normal
2025-06-12 01:33:38.349,108732.35985018771,2160768161710.1975,30685603045.193535,-0.7443856125016302,1,Normal
2025-06-12 02:33:44.917,108927.92921827229,2164776326942.5066,30589158630.832886,-0.9028270256883908,1,Normal
2025-06-12 03:33:19.605,108516.9373277521,2161381162081.0073,30609782966.06075,-1.2072866233294288,1,Normal
2025-06-12 04:33:38.975,108421.48486982741,2155247033993.8276,30719326447.49193,-1.2105900563405991,1,Normal
2025-06-12 05:33:37.720,108686.78360356209,2160434692180.6196,30095374624.481205,-1.3845486656833161,1,Normal
2025-06-12 06:33:20.081,108705.46259162185,2160909910785.6865,26777834891.201763,-1.1470654853192541,1,Normal
2025-06-12 07:33:49.410,108492.89017692674,2156178282205.8677,27076857607.71652,-1.0205374197562067,1,Normal
2025-06-12 08:33:10.310,108509.14745867415,2157505483671.2263,27398276277.707687,-1.0585233924150894,1,Normal
2025-06-12 09:33:48.357,107913.40816126268,2145147192817.0378,32872211403.354675,-1.6407880446349776,1,Normal
2025-06-12 10:33:48.892,107743.11596521025,2141575121133.52,33673462073.951878,-1.6800120280031638,1,Normal
2025-06-12 11:33:31.652,107747.65951491188,2141697993942.5938,34092320645.314594,-1.6206589040502317,1,Normal
2025-06-12 12:33:58.466,107939.03524760526,2145439878438.834,33989483283.025925,-1.4633113723049762,1,Normal
2025-06-12 13:33:41.277,107625.72166315794,2138700902185.7446,34646081774.69062,-1.684525342592047,1,Normal
2025-06-12 14:33:57.837,107732.63738094116,2141959305330.2993,34284569242.954987,-1.6869708300081498,1,Normal
2025-06-12 15:34:00.238,107509.34817198775,2137134016824.2146,33934346944.635223,-1.5934937863510856,1,Normal
2025-06-12 16:33:20.637,107298.54207993473,2132433514433.0476,34227031962.78195,-1.8983337374120501,1,Normal
2025-06-12 17:33:44.276,107016.03195642913,2127388024944.8643,34902160922.92677,-2.04157888470059,1,Normal
2025-06-12 18:30:15.634,107158.50270738648,2131939812642.5586,34055970690.355953,-2.294609725290997,1,Normal
2025-06-12 19:34:16.956,107076.19324442443,2127340825970.4836,33848249720.443207,-2.375158903598573,1,Normal
2025-06-12 20:33:43.155,107625.69738097716,2139235647018.3516,32848010346.72287,-2.0555302726759317,1,Normal
2025-06-12 21:34:12.350,107048.82050493977,2128925606299.52,29291415828.664837,-2.5427900069597498,1,Normal
2025-06-12 22:33:38.686,107691.66821092543,2139805530252.2559,32939713645.965237,-1.6637893118586655,1,Normal
2025-06-12 23:33:43.280,108314.8600073104,2152959832527.589,33028241414.436806,-0.739483789546036,1,Normal
2025-06-13 00:33:43.162,107548.22663321145,2137190659458.1602,27238401892.290325,-1.157546081168348,1,Normal
2025-06-13 01:30:58.755,106846.90546440362,2124974311265.0576,31743665516.735035,-1.7340324337500657,1,Normal
2025-06-13 02:30:35.279,105947.84065946915,2108288328035.5735,34760490654.120636,-2.735835134469111,1,Normal
2025-06-13 03:33:38.862,106062.35058643804,2108454774054.8535,36067790314.36677,-2.261938828867327,1,Normal
2025-06-13 04:31:50.182,105893.39755842647,2104641436842.3489,35647710461.510216,-2.3317217195800377,1,Normal
2025-06-13 05:31:22.305,105897.58456696918,2105854405769.791,35951634978.81724,-2.5662724980128115,1,Normal
2025-06-13 06:33:42.360,103807.24114063095,2064363020568.8967,42588817190.667465,-4.505957045960274,1,Normal
2025-06-13 07:33:52.018,103811.19455477409,2062355700134.2297,42941919965.41393,-4.315209609143866,1,Normal
2025-06-13 08:33:48.446,103639.0528760391,2059885444942.517,48525592910.82262,-4.488188043768226,-1,Anomaly
2025-06-13 09:33:52.484,104334.93075020793,2074474645567.8896,48010307175.68709,-3.3160637515100677,1,Normal
2025-06-13 10:33:44.430,104477.84510211104,2076705040063.9382,47616073370.655815,-3.030607416397302,1,Normal
2025-06-13 11:33:45.098,104170.3034442469,2072598745748.0977,48250057086.491394,-3.3201241556155336,1,Normal
2025-06-13 12:33:04.227,104493.77116587073,2074741746546.5693,48935154916.0044,-3.191861103660343,1,Normal
2025-06-13 13:33:03.589,104916.64996770305,2084225275826.8628,49931108362.167755,-2.5171229085307445,1,Normal
2025-06-13 14:33:11.994,104815.84574368015,2084014691331.4717,47458145228.881294,-2.707435470039843,1,Normal
2025-06-13 15:33:51.339,104836.22299042885,2083599181965.6423,52162576340.8438,-2.4864118581414574,1,Normal
2025-06-13 16:31:08.609,104890.83352377356,2083356203249.9443,52183830026.493744,-2.243934082876442,1,Normal
2025-06-13 17:33:32.804,105016.99986677086,2087507103221.1619,51841539709.79152,-1.8679744082383487,1,Normal
2025-06-13 18:31:09.472,104916.32108445036,2086446628821.9026,51777226030.732086,-2.092397305194482,1,Normal
2025-06-13 19:33:29.801,104856.28922466977,2084192492763.4282,51900146980.29659,-2.0732003562054624,1,Normal
2025-06-13 20:33:38.936,104892.20538604373,2081254801469.2166,52705127538.511314,-2.539813503142585,1,Normal
2025-06-13 21:33:48.904,105519.42274347867,2098136211049.8518,53923900893.64485,-1.4286918382164893,1,Normal
2025-06-13 22:33:49.247,105790.83084332326,2102618094379.0989,54250777110.84734,-1.7650737509973258,1,Normal
2025-06-13 23:33:39.110,105379.48837318357,2092843274001.7285,54471615475.6312,-2.7100359396011964,1,Normal
2025-06-14 00:33:47.818,105131.04301891664,2088942721452.2756,54541975958.51001,-2.24753460839342,1,Normal
2025-06-14 01:30:15.474,105170.41632245055,2090686399375.3606,54181417517.16608,-1.569057273737895,1,Normal
2025-06-14 02:33:33.351,105426.75024423625,2095198787606.9155,51728869657.71508,-0.49183674909218933,1,Normal
2025-06-14 03:31:05.633,105646.70293296022,2100336396804.4197,50328236521.61842,-0.3918899130366471,1,Normal
2025-06-14 04:33:33.976,105807.38321278973,2103389484247.5725,49621394515.02926,-0.0812272980374229,1,Normal
2025-06-14 05:33:32.644,106068.92114368563,2108340291575.1477,49245422624.84116,0.16179460316971817,1,Normal
2025-06-14 06:33:47.578,106032.61461213311,2108680153763.153,43577358899.422226,2.1437555290457766,1,Normal
2025-06-14 07:33:44.861,105524.99508408995,2098002642813.4019,39715301809.960014,1.6508821969210663,1,Normal
2025-06-14 08:33:39.373,105411.23517496433,2095493717412.7534,37475468194.37601,1.7099560925599278,1,Normal
2025-06-14 09:33:13.919,105292.86995845819,2093280354960.6804,35794251833.01435,0.9181385384188223,1,Normal
2025-06-14 10:33:27.568,105387.0271909362,2094663610714.3845,34534602602.826164,0.8702152001092589,1,Normal
2025-06-14 11:33:36.344,105357.47386073925,2094468688304.5667,33693412499.44225,1.1396438113744578,1,Normal
2025-06-14 12:33:29.177,105177.64403556031,2090721208138.8677,32807439459.140926,0.6544628087008286,1,Normal
2025-06-14 13:33:32.348,105107.05378708146,2089161444090.256,31203228544.272583,0.18148103226420798,1,Normal
2025-06-14 14:33:31.122,105123.22366586232,2089461087477.952,29357257118.756138,0.29325520392577964,1,Normal
2025-06-14 15:33:34.720,104924.53936095594,2085550852430.8975,28553381642.58031,0.08424222850449414,1,Normal
2025-06-14 16:33:26.032,105043.49750507339,2087960958413.7346,27825754700.256805,0.14554558884807278,1,Normal
2025-06-14 17:33:18.936,105137.36073437722,2088933958107.888,27387829034.207886,0.11461084182471382,1,Normal
2025-06-14 18:31:48.329,104961.73496136555,2085815483176.739,26430614055.58345,0.04328580762820167,1,Normal
2025-06-14 19:33:30.133,105058.03702294784,2087418896599.8662,25096814074.874607,0.19240409876206677,1,Normal
2025-06-14 20:33:39.910,104959.89676996387,2086296135461.8616,23081954397.60537,0.06453423652501566,1,Normal
2025-06-14 21:33:37.812,104841.13983031892,2084315898445.0762,21166074313.84582,-0.642803851200624,1,Normal
2025-06-14 22:33:47.956,104509.7805877075,2077576891674.03,20345703130.827694,-1.2109274928684521,1,Normal
2025-06-14 23:33:29.908,104621.87129030675,2079355752773.9631,19542432304.706978,-0.7189416978319874,1,Normal
2025-06-15 00:31:04.343,104708.78576521746,2080493990183.6045,18855792012.224854,-0.4016484965560507,1,Normal
2025-06-15 01:33:36.722,104842.71703980053,2084521619388.937,18229768475.12037,-0.31158884228935646,1,Normal
2025-06-15 02:33:42.072,104905.20700061713,2085731149479.3079,16096472430.514719,-0.4946972589128351,1,Normal
2025-06-15 03:30:59.869,105291.1094304228,2092835348019.818,18262269870.885056,-0.33658741131095127,1,Normal
2025-06-15 04:33:32.868,105396.86455506297,2094787376718.7698,18117884476.192547,-0.3879867786741875,1,Normal
2025-06-15 05:33:38.715,105459.03569251344,2096308242721.1013,17791376715.74022,-0.574989775134993,1,Normal
2025-06-15 06:33:39.987,105647.33400964076,2099941002532.6482,16790133317.890276,-0.36336046592994053,1,Normal
2025-06-15 07:33:30.415,105465.1654001885,2097058760411.7344,13685776142.769762,-0.05669716814843406,1,Normal
2025-06-15 08:33:17.377,105527.38060161787,2097878428968.848,15186651489.564072,0.11018315690993763,1,Normal
2025-06-15 09:33:39.774,105529.91867089507,2097807602227.4546,14899757258.554382,0.22513272981390386,1,Normal
2025-06-15 10:33:22.093,105582.30293473476,2099029286121.4763,13232837261.435616,0.18529391045898347,1,Normal
2025-06-15 11:33:22.481,106032.01541231424,2106800099288.9385,14925843455.9663,0.6402408171503726,1,Normal
2025-06-15 12:33:23.211,105497.1506776342,2097243834369.2356,15487203131.216377,0.3037780937229062,1,Normal
2025-06-15 13:33:36.898,105466.65371495626,2096378039621.5342,15512781708.20468,0.3421273025150606,1,Normal
2025-06-15 14:33:25.180,105211.97900513298,2091346996588.956,15432789083.568377,0.08442981120211357,1,Normal
2025-06-15 15:33:07.521,104941.08522989918,2085997042983.8594,15737077584.170433,0.015769303390822387,1,Normal
2025-06-15 16:33:39.501,105158.7266607324,2090385670957.4568,15950482128.77292,0.10969660987671936,1,Normal
2025-06-15 17:33:40.229,105007.40407037354,2087572192522.4126,15937419662.029306,-0.12360654965650753,1,Normal
2025-06-15 18:32:59.852,105197.64941531913,2089439078894.3655,16092288173.121485,0.22476234223873792,1,Normal
2025-06-15 19:33:33.342,105520.1017123056,2097453337508.1553,14594436511.957747,0.4398185064668825,1,Normal
2025-06-15 20:33:36.426,105700.74894571934,2101725069131.2917,16752491653.324448,0.705843087268998,1,Normal
2025-06-15 21:33:47.267,105581.57763599356,2099344126135.284,16701897952.663828,0.7062473823472359,1,Normal
2025-06-15 22:33:38.025,105575.43650316699,2098431968344.0688,16137882588.16287,1.0196709910467838,1,Normal
2025-06-15 23:33:50.931,105703.7331080144,2101210994532.398,15912259058.20978,1.0340685024698981,1,Normal
2025-06-16 00:30:17.490,105522.54406601789,2097700181111.9053,15671993803.450327,0.7771633438908188,1,Normal
2025-06-16 01:33:38.084,105284.6398695796,2092577748529.9346,15667031693.796217,0.4215102796423231,1,Normal
2025-06-16 02:33:36.032,104735.93318579897,2082008890098.8477,14060123522.357468,-0.16135883018385533,1,Normal
2025-06-16 03:33:37.062,104789.28053243077,2083385613185.7773,14211014838.55446,-0.4766108940315039,1,Normal
2025-06-16 04:33:30.190,105278.33843183825,2093798291814.2063,14568092255.821001,-0.11245697272408428,1,Normal
2025-06-16 05:33:36.150,105564.16534458233,2097691013467.3745,16560107405.670073,0.09968766675945151,1,Normal
2025-06-16 06:33:09.392,105424.1991516492,2095404753570.5107,17105229735.875443,-0.21120727757427682,1,Normal
2025-06-16 07:32:38.647,105795.61846455558,2101229694757.0874,18016242437.974342,0.3133291102452418,1,Normal
2025-06-16 08:33:39.939,105822.87037633503,2103975685538.7432,18568907005.948772,0.280012422399345,1,Normal
2025-06-16 09:33:35.752,105909.21219899655,2105263320091.6523,18803674458.04176,0.3594180047502338,1,Normal
2025-06-16 10:33:34.548,106256.92883527248,2112071795086.5042,19800316983.513958,0.6389573648102109,1,Normal
2025-06-16 11:33:36.193,106568.3578310115,2118160893835.2202,20644506419.09905,0.5058306367295318,1,Normal
2025-06-16 12:33:37.350,106640.67506963534,2119880058126.2034,20644383195.85217,1.083938651097216,1,Normal
2025-06-16 13:33:16.353,107058.98628304974,2128082352054.0352,21600838944.125847,1.5097971842332747,1,Normal
2025-06-16 14:33:40.431,107167.66939284577,2130666455487.325,22102736271.076656,1.8588096205446103,1,Normal
2025-06-16 15:33:53.203,106937.21209764318,2125675456916.1228,22513945884.715515,1.9021404851788937,1,Normal
2025-06-16 16:33:46.749,106809.25210543645,2123198679221.0605,22873304647.4177,1.569556324154675,1,Normal
2025-06-16 17:33:13.898,106864.15294996247,2124453002760.208,23353164837.545063,1.7682075811954912,1,Normal
2025-06-16 18:33:53.850,106755.90135291078,2122169628188.157,23622594029.493134,1.4812611748002968,1,Normal
2025-06-16 19:33:08.939,107031.52687489196,2122699360807.4832,24207974292.00914,1.4323575679515477,1,Normal
2025-06-16 20:30:08.882,107665.86321035959,2140201811858.8499,25660147162.724575,1.8591299344997037,1,Normal
2025-06-16 21:33:22.621,107526.88230757095,2139180195784.3848,26621602740.938324,1.8424660012981597,1,Normal
2025-06-16 22:30:54.548,107815.76993722937,2142272729903.4753,27082739637.731873,2.122021474185609,1,Normal
2025-06-16 23:33:49.507,107766.25399441826,2142534581953.6064,27841555328.384235,1.9512280463134246,1,Normal
2025-06-17 00:33:44.430,108108.31509729645,2148824313076.1045,28352634391.115284,2.4504441720632153,1,Normal
2025-06-17 01:33:24.842,108570.27085659963,2158036846636.5918,29934153637.566456,3.120712566515005,1,Normal
2025-06-17 02:33:46.727,108771.38706442164,2160722116634.7405,27707628087.67607,3.852979350901342,-1,Anomaly
2025-06-17 03:33:28.961,108560.44292554783,2158132299372.1,30068562938.783024,3.598805501818414,1,Normal
2025-06-17 04:33:07.518,107711.80016691367,2142717142145.187,28404007448.97285,2.311455301558496,1,Normal
2025-06-17 05:33:44.600,106842.12269316117,2125801988999.8528,32412849823.010292,1.2105976913731498,1,Normal
2025-06-17 06:33:20.419,107146.50622253398,2125206438703.0203,34545410821.72131,1.6336923445890328,1,Normal
2025-06-17 07:33:09.286,107240.07959770689,2129858691845.269,34569483685.72592,1.3653317161100187,1,Normal
2025-06-17 08:33:26.161,107155.0114762305,2128719579123.154,34807068879.356476,1.2588404521234553,1,Normal
2025-06-17 09:33:12.316,107596.24063656588,2138657179034.1343,35069884981.64892,1.5929005631724502,1,Normal
2025-06-17 10:33:31.160,107382.39871892119,2135097044468.5896,34484686517.16756,1.0591966999097924,1,Normal
2025-06-17 11:33:28.479,107133.14042003587,2129624119058.645,31319403895.75323,0.5299721235453081,1,Normal
2025-06-17 12:33:42.430,106850.03969811338,2123901399401.493,34149358241.000717,0.19632717848168113,1,Normal
2025-06-17 13:30:33.031,106772.70279319353,2122158795749.0723,32579719440.121265,-0.2674072488406676,1,Normal
2025-06-17 14:33:48.711,106574.44033966033,2118805149989.2197,33214480402.86585,-0.5535522574544705,1,Normal
2025-06-17 15:43:33.520,106168.65582350684,2110458529644.8552,33233708195.04606,-0.7186986261008776,1,Normal
2025-06-17 16:33:37.715,105917.65595792574,2105307407708.5605,31064160593.66454,-0.834755538434595,1,Normal
2025-06-17 17:33:41.051,105599.04234851847,2098811057322.738,34274204572.21307,-1.183849369990675,1,Normal
2025-06-17 18:31:03.217,105570.36903619586,2098887788796.1008,34669977218.443085,-1.1105075238846185,1,Normal
2025-06-17 19:32:06.822,105381.36738688366,2094530086350.8552,34937503633.91749,-1.5417508618158382,1,Normal
2025-06-17 20:33:36.738,104968.41290583643,2090412648409.577,34976244149.715866,-2.505390496199178,1,Normal
2025-06-17 21:33:28.786,104297.61351889996,2073697929750.1453,36527336158.764946,-3.0032199570652063,1,Normal
2025-06-17 22:33:48.454,103645.26543018637,2062592912939.3228,31849836716.531143,-3.868176714288718,1,Normal
2025-06-17 23:33:45.554,103877.2191418644,2065071357024.2163,39756477803.827705,-3.60876870857485,1,Normal
2025-06-18 00:32:36.415,104344.13863233314,2069479045184.6016,40613828665.249825,-3.4818565635544196,1,Normal
2025-06-18 01:33:35.620,104912.04098112213,2086952993075.0044,41160649583.74337,-3.3694581828107584,1,Normal
2025-06-18 02:33:39.266,104455.92935811245,2077057929767.4185,40922071258.21764,-3.9674567207213074,1,Normal
2025-06-18 03:33:17.786,104578.81861066536,2078744803075.3718,37174122430.58031,-3.6676566598140337,1,Normal
2025-06-18 04:33:32.572,104416.64158014965,2076946193497.557,39829174879.41471,-3.059236389752784,1,Normal
2025-06-18 05:32:11.362,104582.95726510268,2079049111363.4749,38292991900.716995,-2.114489464559377,1,Normal
2025-06-18 06:33:40.525,104798.2038794596,2082760479143.2014,36280182669.28034,-2.1916742093271435,1,Normal
2025-06-18 07:32:19.079,104773.14827853611,2082455358110.234,35764308557.88507,-2.300381842707555,1,Normal
2025-06-18 08:33:30.113,104924.86078353191,2086660617910.0156,35530639823.968796,-2.0812378833007683,1,Normal
2025-06-18 09:33:18.074,105183.3456286072,2091093597234.653,34817118229.61812,-2.242545830303544,1,Normal
2025-06-18 10:32:35.787,105435.24666250582,2094856950891.6433,35087909323.18964,-1.81328791277251,1,Normal
2025-06-18 11:33:21.540,105449.91858002415,2096130517444.9055,34699083864.43861,-1.5711495373068707,1,Normal
2025-06-18 12:33:22.368,105023.07221331273,2087632348484.262,34809939841.74837,-1.709842588699495,1,Normal
2025-06-18 13:30:57.646,104951.91473610546,2086174711419.8625,31551352930.126034,-1.7052935904551592,1,Normal
2025-06-18 14:33:24.830,104948.7529500298,2086233322284.266,34311138129.72233,-1.5254008226075144,1,Normal
2025-06-18 15:31:03.929,104718.06109277342,2081720140315.9954,30198856290.46964,-1.3663116665476704,1,Normal
2025-06-18 16:33:18.297,104313.97756981917,2074192890172.5452,33615967274.66464,-1.5140803236276423,1,Normal
2025-06-18 17:33:26.990,104771.92548733331,2081057662731.582,30820912428.628746,-0.7832617065364533,1,Normal
2025-06-18 18:33:41.677,104505.61321544959,2077603750148.4702,33732968204.015038,-1.0085744991392476,1,Normal
2025-06-18 19:31:23.394,104306.1049763894,2073012629849.7498,34375062604.801125,-1.0203534430775485,1,Normal
2025-06-18 20:33:21.958,104643.51384994881,2081142132668.0862,34024835288.090183,-0.30952078524716375,1,Normal
2025-06-18 21:41:22.000,104731.53132303759,2081713675850.7664,33103358539.173485,0.4160380947345388,1,Normal
